,account_display_name,view,count,avg_view,created_at,fan,type_fan
0,007NN,6685407,75,89138,2020-12-28 20:58:42,399000,Silver
1,108Life,229004679,350,654299,2020-12-14 16:30:03,5310000,Gold
2,10kcalmuscle,63375192,141,449469,2020-12-14 17:00:03,699000,Silver
3,10นาทีกับหมอต่อ,12178867,64,190294,2020-10-14 08:00:02,305000,Silver
4,12Time,883263,18,49070,2020-02-05 17:59:38,1000000,Gold
5,12TimeWeCCG,42154461,340,123983,2020-12-31 12:30:00,1170000,Gold
7,20TV,3345483,49,68275,2020-04-28 19:15:01,277000,Silver
8,20TV : ยี่สิบทีวี,516514,34,15191,2020-12-24 19:00:07,295000,Silver
10,2MadamesTV,31986956,258,123980,2020-12-31 08:30:03,1430000,Gold
11,2how,1015023,132,7689,2020-12-30 23:17:48,196000,Silver
15,9arm,11221957,89,126089,2020-12-31 10:00:10,304000,Silver
17,A-Academy Channel,228921,36,6358,2020-12-31 22:03:26,136000,Silver
18,AD-AOF TV,2521177,122,20665,2020-12-31 22:53:13,243000,Silver
19,ADBIG,8762472,415,21114,2020-12-30 22:14:10,354000,Silver
21,ANGEL DEATHGAME,2471842,160,15449,2020-12-26 23:18:46,388000,Silver
23,ANO and Friends,11485905,63,182315,2020-12-31 16:35:20,152000,Silver
26,ARISA ASMR,7084780,18,393598,2020-12-16 20:55:07,471000,Silver
28,Abdulthaitube - อับดุลย์เอ๊ย ถามไรตอบได้!,19830471,368,53887,2020-12-31 18:00:16,691000,Silver
29,AdK ก้องไก่กุ้กๆ,11177624,568,19678,2020-12-30 10:04:33,209000,Silver
30,Adam Bradshaw,1650677,159,10381,2020-12-27 16:28:02,1000000,Gold
32,Ahtee PaPaNG,30302693,357,84881,2020-12-31 17:00:17,1260000,Gold
33,Air Viki,15862,4,3965,2020-12-15 17:00:05,127000,Silver
35,Ajumma Nammy,116797984,112,1042839,2020-12-31 12:37:59,1700000,Gold
36,Alie Blackcobra,8907742,79,112756,2020-12-28 18:15:37,567000,Silver
37,All by On’oum,13355776,59,226369,2020-12-30 16:30:02,250000,Silver
38,Alrisaa,2236481,15,149098,2020-12-24 21:36:11,196000,Silver
39,Amy Kitiya,32628377,182,179276,2020-12-30 19:41:01,1290000,Gold
40,Antoine Pinto - อองตวน ปินโต,19897339,65,306112,2020-12-31 21:40:08,398000,Silver
41,Antonio Attorney ที่ปรึกษาด้านสินเชื่อ และการเงิน,5535229,582,9510,2020-12-30 17:30:17,250000,Silver
42,Aoffy Maxim,4513183,22,205144,2020-10-23 23:51:10,4690000,Gold
46,Arainy,37061856,126,294141,2020-12-31 08:00:03,2400000,Gold
47,Archita Station,7038302,64,109973,2020-12-24 17:00:12,1310000,Gold
48,Arifah Kh,4085478,62,65894,2020-12-17 18:31:50,399000,Silver
49,ArmHypnosTv,4854042,219,22164,2020-12-31 06:30:01,1930000,Gold
50,Armmakeup,50237,31,1620,2020-07-04 20:12:07,132000,Silver
52,Art AirsoftGun,20592376,42,490294,2020-12-28 18:15:05,1720000,Gold
53,Asayhi channel,2649074,143,18524,2020-12-30 21:12:11,123000,Silver
55,Attempt Z,40839368,183,223165,2020-12-28 17:16:25,1820000,Gold
56,Au Awesome,14366518,598,24024,2020-12-30 23:14:15,260000,Silver
59,AutoDay,103110,4,25777,2020-01-21 11:20:04,188000,Silver
60,AutoHead,53280,2,26640,2020-01-30 11:11:47,189000,Silver
61,AutoHead Studio,359210,7,51315,2020-02-07 12:32:38,191000,Silver
66,Autospinn Channel,611813,63,9711,2020-12-21 09:00:05,144000,Silver
70,BEAN HEALTHY,2016761,49,41158,2020-09-13 18:19:04,155000,Silver
72,BEBE FIT ROUTINE,13291007,40,332275,2020-11-28 10:00:04,949000,Silver
73,BIVOYAGE,1395531,28,49840,2020-12-26 12:30:01,164000,Silver
76,BLACK SHUFFLE,528917,61,8670,2020-10-26 20:00:01,229000,Silver
79,Babyjingko,8725981,73,119533,2020-12-13 20:51:25,466000,Silver
80,Bacon Time,4144041,82,50537,2020-12-31 10:30:02,637000,Silver
81,Ball Fishing Thailand น้าบอล,3264533,303,10774,2020-12-31 14:49:10,113000,Silver
83,Bangkok Esports,13610993,124,109766,2020-12-31 13:00:03,187000,Silver
87,Bankgarmo,28137853,691,40720,2020-12-31 20:35:50,1250000,Gold
89,Baroctar,2575369,69,37324,2020-12-30 17:26:14,498000,Silver
90,Basgamer,4317795,47,91867,2020-11-26 19:26:57,659000,Silver
91,Bay Riffer,125549648,342,367104,2020-12-30 03:56:11,3610000,Gold
92,BeBell,16579502,101,164153,2020-12-30 17:00:06,853000,Silver
93,Beam-Oil Channel,14915476,60,248591,2020-12-30 17:00:07,306000,Silver
94,Bearhug,100296246,82,1223124,2020-12-26 15:00:06,3480000,Gold
96,Beauty Mouthsy,6502860,210,30966,2020-12-30 18:34:38,227000,Silver
97,Berserker Game,30244245,514,58840,2020-12-31 20:00:17,1070000,Gold
100,Bew Varaporn,17302778,165,104865,2020-12-30 16:00:09,530000,Silver
103,Bie The Ska,316651467,175,1809436,2020-12-30 16:54:51,12000000,Diamond
107,BlaSTzFun Ch,172833,77,2244,2020-02-13 21:49:31,182000,Silver
108,Blacklist Secret Official,896681,27,33210,2020-12-31 11:54:27,195000,Silver
109,Blacklist secret Official,4883527,73,66897,2020-08-31 21:20:33,184000,Silver
111,Blue O'Clock,1756754,63,27884,2020-12-24 19:54:35,133000,Silver
112,Bon Gamerz,62391167,357,174765,2020-12-31 23:48:03,2570000,Gold
113,Bon Jakobsen,2544429,81,31412,2020-12-25 18:56:47,242000,Silver
116,Booky HealthyWorld,802683,25,32107,2020-11-27 09:00:03,791000,Silver
117,BoomTharis,49775249,121,411365,2020-12-30 17:00:26,1190000,Gold
118,BoxSkin Bz.,29218952,284,102883,2020-12-30 19:42:15,1690000,Gold
119,BoxZa Racing Channel,595498,92,6472,2020-12-02 17:57:05,476000,Silver
120,Boysick Channel,14864,3,4954,2020-04-23 19:33:46,266000,Silver
121,Brianna's Secret Club TH,362064634,403,898423,2020-12-31 08:39:00,5640000,Gold
122,Brinkkty,14095346,126,111867,2020-12-30 20:55:17,409000,Silver
123,Buablink,6720798,85,79068,2020-12-28 16:15:01,614000,Silver
126,Buffet Channel,64410776,167,385693,2020-12-30 19:00:11,1130000,Gold
127,CGGG,205746839,259,794389,2020-12-30 18:45:02,7740000,Gold
128,CHERRYMAN,4335278,114,38028,2020-12-25 19:00:14,264000,Silver
129,CHUJAI FAMILY,3304492,47,70308,2020-12-27 18:00:05,351000,Silver
130,CRK,2485333,63,39449,2020-11-14 17:00:03,728000,Silver
131,CRK CreativeKim,110794,6,18465,2020-01-24 17:00:08,723000,Silver
132,CarDebuts,44867415,494,90824,2020-12-30 15:44:04,717000,Silver
134,Ceemeagain,670974,68,9867,2020-12-31 23:45:01,655000,Silver
135,Ceemeagain Chatpawee,7105921,321,22136,2020-10-24 09:21:16,645000,Silver
138,Cherry E Bright,135197,23,5878,2020-12-22 23:15:36,679000,Silver
139,Chickypie,130928621,249,525817,2020-12-31 12:38:09,4740000,Gold
141,ChillChannel,200832,10,20083,2020-01-13 15:34:24,228000,Silver
143,Chillpainai,11753422,389,30214,2020-09-18 18:03:12,341000,Silver
144,Chillpainai ชิลไปไหน,1091372,267,4087,2020-12-27 17:00:09,382000,Silver
145,ChinNaMo,489354,42,11651,2020-06-23 20:39:16,143000,Silver
147,Chompoo Sangchan,10116814,1249,8099,2020-12-31 11:50:11,662000,Silver
149,CigaretteS TV,16554755,28,591241,2020-12-25 12:48:50,457000,Silver
155,Cony Cry,6332118,49,129226,2020-12-25 19:00:10,147000,Silver
156,Cooking station,671916,38,17682,2020-09-24 10:00:04,153000,Silver
159,CreativeKim,40025,7,5717,2020-12-31 23:57:04,728000,Silver
163,DJ.DREAMERTH,57226415,203,281903,2020-12-27 10:00:03,3650000,Gold
166,DREPLAY,38063,10,3806,2020-12-10 19:43:34,201000,Silver
167,DUJDOW Channel,681787,82,8314,2020-12-31 11:00:06,102000,Silver
168,DZee Studio,15371731,80,192146,2020-12-16 18:40:05,346000,Silver
170,Daimod channnel,1440958,2,720479,2020-12-03 12:22:36,974000,Silver
172,Danny TH,3821139,464,8235,2020-12-31 12:23:42,290000,Silver
179,Dek Jew Chill Out,289827776,352,823374,2020-12-13 16:00:24,4090000,Gold
180,Dek Jew Small World,7224806,100,72248,2020-12-11 16:30:03,1450000,Gold
182,Deklaaon Channel,80383156,215,373875,2020-12-30 17:00:02,3000000,Gold
183,DevilMeiji,72848938,291,250339,2020-10-12 19:40:06,1750000,Gold
184,Diesel Thailand FC,399212,50,7984,2020-12-23 13:09:35,143000,Silver
186,Doctor Top,15644276,521,30027,2020-12-31 20:00:01,316000,Silver
187,Dopper,1091895,13,83991,2020-03-02 09:32:40,404000,Silver
190,Doyser,90148745,292,308728,2020-12-30 09:00:01,2110000,Gold
192,Dr.V Channel,10477174,302,34692,2020-12-30 07:18:19,271000,Silver
194,DrAmp Team,8733824,43,203112,2020-12-31 12:00:02,347000,Silver
202,EVA GAMER,14583879,259,56308,2020-12-31 08:30:01,756000,Silver
203,EVOS TH,12202536,125,97620,2020-12-25 18:30:05,293000,Silver
204,EYETA,23367061,177,132017,2020-12-26 19:30:00,1050000,Gold
205,EasyCooking,1400716,161,8700,2020-12-29 16:30:00,134000,Silver
208,EaterOat,14015497,49,286030,2020-12-26 17:01:10,797000,Silver
209,Eatguide,13385389,106,126277,2020-12-29 18:00:13,154000,Silver
210,Edwin Official,11607387,163,71210,2020-12-27 22:22:34,261000,Silver
212,Ejan,32703171,1989,16442,2020-12-31 23:45:02,879000,Silver
217,English Fit and Firm,1568616,109,14390,2020-12-30 12:45:59,186000,Silver
219,Epic Time,272831219,157,1737778,2020-12-31 16:00:08,4270000,Gold
220,Erk-Erk,679501,766,887,2020-12-10 00:59:31,122000,Silver
222,Evefee,1990378,83,23980,2020-12-28 19:00:14,195000,Silver
224,Extreme IT,25010272,546,45806,2020-12-14 22:08:59,318000,Silver
225,FAPGAMER,56760,32,1773,2020-12-29 19:55:07,229000,Silver
226,FAROSE CHANNEL,7141424,35,204040,2020-12-30 18:00:31,194000,Silver
227,FIFA TarGrean,25275374,176,143610,2020-12-30 19:31:04,1260000,Gold
228,FIFA WaTaFak,34736986,229,151689,2020-12-31 19:42:07,506000,Silver
230,FITWHEY,315289,123,2563,2020-12-24 16:30:01,109000,Silver
231,FNDiary,89000548,330,269698,2020-12-31 20:00:17,805000,Silver
232,FPSThailand,7097826,538,13192,2020-12-31 16:54:31,714000,Silver
233,FZK Frozenkiss,615638,16,38477,2020-12-10 17:40:01,485000,Silver
234,Fah sarika,8549784,78,109612,2020-10-23 19:00:13,769000,Silver
235,FahFah,3576100,83,43085,2020-12-27 18:30:05,284000,Silver
236,Feeling Rock,12737348,90,141526,2020-05-11 17:14:05,1460000,Gold
237,FeelingRock,12591570,135,93270,2020-10-03 23:25:19,1520000,Gold
238,FeelingRock191,3400131,62,54840,2020-12-31 13:49:52,1560000,Gold
240,Fiat,28583736,101,283007,2020-12-31 13:31:01,329000,Silver
241,FiawKunG Channel,4634822,58,79910,2020-12-31 12:10:47,582000,Silver
243,Filllykung,3852073,159,24226,2020-12-27 09:00:04,813000,Silver
246,Fit Kab Dao,26540894,236,112461,2020-12-28 11:45:01,436000,Silver
251,Fitjunctions,5459614,63,86660,2020-12-30 10:00:08,872000,Silver
253,Florence room beauty,89451,30,2981,2020-12-31 12:01:34,147000,Silver
254,FoodTravelTVChannel,222101,49,4532,2020-12-28 11:00:04,2410000,Gold
255,Forcejun,404468,44,9192,2020-12-22 18:00:31,102000,Silver
258,Frennicha,1951205,57,34231,2020-12-20 20:30:27,147000,Silver
262,GAME OVER,22987822,81,283800,2020-12-27 16:15:01,1140000,Gold
265,GU ZAP,83631151,264,316784,2020-12-29 18:00:00,1750000,Gold
267,GYNE GENE,2150888,20,107544,2020-12-30 21:02:57,110000,Silver
268,GZR Gozziira,17099851,59,289827,2020-12-31 17:00:12,914000,Silver
269,GaMe NEW,65668,13,5051,2020-05-08 21:00:12,178000,Silver
271,Gamgy channel,45696355,141,324087,2020-12-27 20:00:23,965000,Silver
275,GibPuri Ch,4732132,295,16041,2020-09-22 22:28:18,909000,Silver
276,Gibpuri Ch,798323,83,9618,2020-12-31 16:00:25,912000,Silver
277,Gladiuz KB,29056484,247,117637,2020-12-31 23:15:36,854000,Silver
278,Gluta Story,32279776,101,319601,2020-12-27 19:15:01,770000,Silver
281,GoyNattyDream Channel,56790672,51,1113542,2020-12-31 10:00:01,620000,Silver
282,Gr13,677895,35,19368,2020-04-21 17:17:35,676000,Silver
283,GrCraft,2520265,55,45823,2020-12-27 08:00:02,761000,Silver
286,Grean Gamer,184344,268,687,2020-12-29 06:45:00,168000,Silver
287,GreatBiker,7053822,300,23512,2020-12-31 10:19:42,227000,Silver
288,Green Ezqelusia,5558170,173,32128,2020-12-31 10:15:03,802000,Silver
290,Gssspotted,53256079,203,262345,2020-12-16 20:08:39,609000,Silver
293,Guy Haru Family,100186606,497,201582,2020-12-31 19:00:29,1070000,Gold
294,HAK,3674617,112,32809,2020-12-31 10:00:30,135000,Silver
296,HEARTROCKER,365362262,382,956445,2020-12-31 16:17:05,6680000,Gold
300,Happy Retire,21726155,165,131673,2020-12-23 19:00:29,318000,Silver
302,HeHaa TV,244431641,203,1204096,2020-12-31 14:22:01,7140000,Gold
303,Healthy Fish,4201719,538,7809,2020-12-31 18:15:01,396000,Silver
306,HoneyFamily,107334,11,9757,2020-10-09 17:54:35,124000,Silver
308,HuaHed,626610,30,20887,2020-12-27 19:22:53,116000,Silver
310,HypnosTv,2539593,212,11979,2020-07-08 18:00:14,1940000,Gold
311,I Roam Alone,78507554,79,993766,2020-12-29 19:00:16,1820000,Gold
314,IceBank Diary,16626846,48,346392,2020-12-31 12:30:01,134000,Silver
315,IceBarBer,115840368,304,381053,2020-12-31 10:15:00,1920000,Gold
318,JOETHz,13918639,649,21446,2020-12-31 18:00:01,343000,Silver
319,JONYZAA ID.,329338,55,5987,2020-12-31 07:30:01,208000,Silver
322,Jame Rafa,2688622,83,32393,2020-10-25 16:02:09,285000,Silver
323,Jamsai,18140648,106,171138,2020-12-31 10:15:01,246000,Silver
324,Jane Soraya,3259030,60,54317,2020-12-26 18:29:02,320000,Silver
326,Janistar’s Official,1593335,10,159333,2020-09-12 13:30:00,190000,Silver
330,Jessiescape,1845363,26,70975,2020-12-22 18:00:06,315000,Silver
336,Jossy Berry,2267797,69,32866,2020-12-26 18:45:00,154000,Silver
340,Juepak,10659303,95,112203,2020-12-30 18:00:02,459000,Silver
341,Just4Game,9872518,364,27122,2020-12-31 18:00:27,158000,Silver
343,KARNMAY,2549010,75,33986,2020-12-30 17:27:38,139000,Silver
346,KK Honcool,34318313,395,86881,2020-12-31 17:07:51,1040000,Gold
348,KM Racing,4681919,76,61604,2020-12-28 07:45:12,105000,Silver
349,KNCraZy,34267238,427,80251,2020-12-31 19:06:56,2230000,Gold
353,KRUA dot CO,2907109,224,12978,2020-12-30 18:00:01,437000,Silver
354,KUNG INTER,57810,7,8258,2020-12-23 19:51:47,110000,Silver
355,KaKaRoT Ch,14878531,361,41214,2020-12-31 18:22:44,368000,Silver
356,Kanomroo,22457353,69,325468,2020-12-29 16:51:56,998000,Silver
357,Katheryn Lee,1370535,22,62297,2020-12-24 19:04:58,137000,Silver
359,Kayavine,24184416,91,265762,2020-12-30 19:00:31,1390000,Gold
360,Kaykai Salaider,469199752,83,5653009,2020-12-26 08:30:03,14100000,Diamond
361,KengKawiz,8469439,232,36506,2020-12-20 21:30:04,184000,Silver
362,Keno HappyDay,5932460,76,78058,2020-12-25 19:40:53,746000,Silver
363,Ki . art yoga - online yoga & lifestyle studio,433259,12,36104,2020-11-10 21:46:45,114000,Silver
365,Kia Zaab,20905986,86,243092,2020-12-29 18:00:09,434000,Silver
367,KidsOnCloud,11780118,41,287319,2020-12-21 10:40:59,2310000,Gold
368,Kik Beauty Fit,2001805,160,12511,2020-12-31 15:00:03,371000,Silver
369,Kim Property Live,21385233,279,76649,2020-12-31 13:22:46,614000,Silver
370,King SoYer,258204641,343,752783,2020-12-30 17:32:21,2950000,Gold
371,Kirari TV キラリスター,637263,47,13558,2020-12-04 16:35:59,117000,Silver
372,KirosZ,358164,19,18850,2020-11-27 20:00:00,121000,Silver
373,Kitsguy,15475063,375,41266,2020-12-30 17:24:50,138000,Silver
377,Koonguy Ch,317564,122,2602,2020-12-13 18:00:31,660000,Silver
378,Kree RicKer TV,12585,8,1573,2020-11-19 16:42:40,730000,Silver
384,Kutcha Wants2playz,162087870,321,504946,2020-12-31 10:00:11,2710000,Gold
385,Ky0N,4976924,153,32528,2020-12-31 12:00:30,1080000,Gold
386,Kyutae Oppa,288787529,211,1368661,2020-12-27 17:00:02,6100000,Gold
387,LDA World,27928158,314,88943,2020-12-28 20:00:00,885000,Silver
388,LEEAH,1681308,2,840654,2020-01-14 16:00:13,638000,Silver
389,LEEAH นัตตี้,6123887,57,107436,2020-12-26 21:07:54,777000,Silver
390,LET'S GIRL,9026189,51,176984,2020-12-29 19:00:00,129000,Silver
393,Lakoi DotA2,14352081,307,46749,2020-12-31 12:30:01,126000,Silver
395,Lanna Jr.,5218883,300,17396,2020-12-30 18:18:38,479000,Silver
398,Layza Racing,34567534,173,199812,2020-12-24 18:00:23,2280000,Gold
399,Lenso channel,4482059,71,63127,2020-12-24 11:20:33,180000,Silver
402,Licktga,7248538,82,88396,2020-12-25 19:11:43,698000,Silver
403,Life of Cars Bkk - ตามติดชีวิต 4 ล้อ,24820522,100,248205,2020-12-28 11:19:52,404000,Silver
404,LightKira Channel,16990817,228,74521,2020-12-30 00:45:42,442000,Silver
405,Little Monster Family,25648768,182,140927,2020-12-28 18:45:01,689000,Silver
406,Littlefahsai,303747,18,16874,2020-12-14 17:54:11,202000,Silver
413,LowGrade,260693151,350,744837,2020-12-31 08:00:25,4770000,Gold
416,MAGIC SUPERBIKE,1533016,99,15485,2020-12-28 20:16:45,562000,Silver
417,MAOKUMA,42137771,440,95767,2020-12-31 13:14:13,550000,Silver
418,MAWIN FINFERRR,21697627,196,110702,2020-12-30 17:00:09,353000,Silver
419,MAY DevilMeiji,18554427,58,319903,2020-12-30 16:15:01,1770000,Gold
420,MENOW,45704293,148,308812,2020-12-29 19:00:09,597000,Silver
424,MNJ TV,352134133,278,1266669,2020-12-31 17:15:01,4740000,Gold
426,MOBYDICK,12184454,238,51195,2020-12-18 17:00:22,384000,Silver
427,MOJIKO,95614938,158,605157,2020-12-31 09:45:01,2620000,Gold
429,MONEY HERO,5320955,667,7977,2020-12-31 19:32:49,102000,Silver
430,MOSSSTER,747649,28,26701,2020-12-28 20:02:27,325000,Silver
431,MOV Studio,3996928,4,999232,2020-12-31 23:54:27,269000,Silver
432,MR.Kyoro Danger,27866076,83,335735,2020-12-30 19:11:45,1050000,Gold
433,MRSilver VideoGame,4930130,273,18059,2020-12-30 22:14:23,254000,Silver
434,MTR Mysterios,31812349,101,314973,2020-12-31 16:15:47,1560000,Gold
435,MUJI SAMA,10641100,58,183467,2020-12-31 19:11:06,430000,Silver
436,MZ Crazy Cars,25873835,420,61604,2020-12-30 16:15:03,349000,Silver
438,MadamPam,11649012,314,37098,2020-12-31 07:00:05,953000,Silver
439,Mahidol Channel มหิดล แชนแนล,8165968,428,19079,2020-12-31 20:00:07,892000,Silver
440,Mai Ch,8702254,145,60015,2020-12-25 13:15:13,1560000,Gold
442,Mai's Kitchen,201743,46,4385,2020-12-11 19:14:21,236000,Silver
445,Malinda Herman Official,18348294,226,81187,2020-12-30 10:05:00,1360000,Gold
447,Mark Wiens,167316170,90,1859068,2020-12-30 20:00:15,7070000,Gold
448,Maser,24367798,85,286679,2020-12-31 18:00:08,3720000,Gold
449,Maser Gamer,76531576,261,293224,2020-09-22 14:36:12,3600000,Gold
450,MassAutoCar,10674844,234,45618,2020-12-28 16:11:52,125000,Silver
452,Maxed Out Style,4607406,48,95987,2020-12-24 16:53:52,280000,Silver
455,Mayy R,16047861,43,373206,2020-12-30 19:47:51,1630000,Gold
460,Meijimill,102500151,83,1234941,2020-12-13 15:14:29,3000000,Gold
461,Mena Noona,4671143,61,76576,2020-12-29 19:00:09,186000,Silver
463,Mero Studio,2444559,18,135808,2020-03-17 20:00:18,324000,Silver
464,MheeGamer,6717493,91,73818,2020-12-25 18:00:31,275000,Silver
468,MidoriKawa caster,58701750,376,156121,2020-12-31 09:30:05,933000,Silver
470,Milky Praiya,15616492,107,145948,2020-12-29 20:00:07,207000,Silver
471,MinORu,14479920,286,50629,2020-12-30 18:53:19,375000,Silver
472,MindaRyn _,11351695,84,135139,2020-12-28 20:15:28,916000,Silver
473,MinuteVideos Thailand,21400962,139,153963,2020-12-30 19:03:23,938000,Silver
479,Moment Racings,7658648,92,83246,2020-12-29 20:00:20,288000,Silver
482,MonDEV,60268411,63,956641,2020-12-26 13:41:49,4770000,Gold
487,Moowan,215365,4,53841,2020-01-30 18:26:26,104000,Silver
489,Moto Story Thailand,6356326,85,74780,2020-12-27 15:28:19,498000,Silver
493,Motobigbike Thailand,2116510,111,19067,2020-12-31 22:21:41,684000,Silver
495,Mouth Moy,13186083,153,86183,2020-12-21 18:13:22,633000,Silver
498,MrTeeKung,18425955,331,55667,2020-12-31 10:00:07,231000,Silver
500,Multilan,89221,2,44610,2020-07-27 17:16:58,241000,Silver
501,Munk TV,6951258,86,80828,2020-12-29 17:00:09,159000,Silver
503,My Mate Nate,256480170,217,1181936,2020-12-31 08:17:52,9770000,Gold
505,MyQuest,15293940,78,196076,2020-12-26 17:05:00,236000,Silver
506,N Join Play,5352580,119,44979,2020-12-26 09:00:09,424000,Silver
507,N NEXT CH,26877798,175,153587,2020-12-27 21:29:10,1640000,Gold
508,N.N.B CLUB,5763224,46,125287,2020-12-27 16:00:14,905000,Silver
509,NAEFIT,1848057,61,30296,2020-12-31 18:00:14,252000,Silver
510,NAKLAS GAMER,23068246,314,73465,2020-12-31 15:23:35,331000,Silver
511,NEETTO V.2,3163135,59,53612,2020-12-25 19:22:04,109000,Silver
513,NOBLUK,23822336,100,238223,2020-12-04 18:16:34,1000000,Gold
514,NOngBoN,7376753,482,15304,2020-12-29 17:49:51,111000,Silver
515,Naefit,8906033,95,93747,2020-08-05 21:39:50,211000,Silver
516,NagsTV,41257240,345,119586,2020-12-29 17:30:00,1080000,Gold
527,Newzkung Raccoonza,6955548,626,11111,2020-12-31 09:30:54,768000,Silver
528,NinaBeautyWorld,634370,37,17145,2020-12-31 11:30:59,196000,Silver
532,Nisamanee.Nutt,83389575,220,379043,2020-12-30 20:00:14,1450000,Gold
533,Nn.lardapha,11525977,149,77355,2020-12-30 18:00:03,321000,Silver
534,Nobi,22493551,179,125662,2020-12-27 10:52:39,1560000,Gold
535,Nontakan Ns.,47580877,139,342308,2020-12-30 20:31:39,1940000,Gold
537,NosickHandup,950376,15,63358,2020-08-18 09:00:07,214000,Silver
538,NosickHandup ใครไม่ป่วยยกมือขึ้น,327868,8,40983,2020-12-29 20:17:59,232000,Silver
539,NotebookSPEC,6485065,305,21262,2020-12-31 20:00:16,577000,Silver
540,NoteworthyMF,1227391,16,76711,2020-09-01 18:00:01,119000,Silver
541,Nuania,6085081,103,59078,2020-12-30 19:00:30,312000,Silver
543,Nueng Panuwat,6459861,80,80748,2020-12-29 20:29:22,750000,Silver
544,Nurseryus S.,2311333,51,45320,2020-12-22 13:13:05,150000,Silver
545,NutPintoChannel,18575686,381,48755,2020-12-31 18:00:30,961000,Silver
546,NutTH Channel,723828,48,15079,2020-12-06 09:30:09,793000,Silver
548,OHVER,52507460,141,372393,2020-12-30 18:25:23,2010000,Gold
549,OPZ TV,103357416,157,658327,2020-12-30 16:00:02,1890000,Gold
551,OhBIGz,3311828,115,28798,2020-12-31 16:00:05,215000,Silver
552,Online Station,21444484,559,38362,2020-12-31 17:00:12,717000,Silver
553,Oppa Thuchy,77673707,121,641931,2020-12-30 16:30:01,2170000,Gold
554,Outdoor Ch,8134943,128,63554,2020-12-20 16:25:34,159000,Silver
555,OverclockZoneTV,4146617,344,12054,2020-12-31 18:50:12,219000,Silver
556,Ozrealman,213738171,171,1249930,2020-12-30 11:00:03,2250000,Gold
557,PBSupercarPhotography,17009185,76,223805,2020-12-31 14:21:23,373000,Silver
559,PEACH EAT LAEK,194658878,126,1544911,2020-12-31 16:00:03,6650000,Gold
560,PEACHII,12367977,60,206132,2020-12-30 19:45:11,1260000,Gold
561,PHOLFOODMAFIA,2055422,756,2718,2020-12-31 20:00:08,515000,Silver
562,PIMMY TASTY,3480401,23,151321,2020-11-12 18:51:34,455000,Silver
563,PINTO GAMING,577243,10,57724,2020-02-25 19:34:35,196000,Silver
564,PJY` Gamer,63686330,217,293485,2020-12-29 20:13:57,2600000,Gold
565,PMay,25572,2,12786,2020-02-18 18:41:51,1490000,Gold
568,POSADE,2064873,19,108677,2020-12-22 16:00:10,176000,Silver
571,PRIMKUNG,249101964,281,886483,2020-12-31 14:52:25,2800000,Gold
582,Patiiz PTZ,2515022,23,109348,2020-12-29 18:56:04,214000,Silver
587,Pigkaploy,7133741,45,158527,2020-12-30 19:00:15,282000,Silver
589,Pint0Gaming,6156774,24,256532,2020-05-30 18:00:14,259000,Silver
591,Pit Start,10610273,102,104022,2020-12-31 17:03:01,987000,Silver
592,Piyapeauty Makeup,5528006,61,90623,2020-12-27 19:00:05,374000,Silver
595,PlearnGaming,772050,364,2121,2020-12-31 22:25:58,187000,Silver
598,Point of View,16189481,145,111651,2020-12-30 17:00:11,1100000,Gold
599,PojzPlaza,275875645,201,1372515,2020-12-31 18:46:35,6820000,Gold
613,RAP'TUM GAMERChannel,6398615,147,43527,2020-12-30 19:30:54,549000,Silver
614,RK Thai Kitchen & Beyond,10333,11,939,2020-12-22 07:14:28,132000,Silver
621,Riety,9846037,63,156286,2020-12-27 20:45:24,367000,Silver
622,RisibleHD,38809577,105,369615,2020-12-31 12:30:00,1330000,Gold
624,Rod on Tube,4828126,101,47803,2020-12-18 21:36:41,165000,Silver
625,Roger Films,232016,22,10546,2020-11-29 00:44:15,134000,Silver
629,Rush,5364806,169,31744,2020-12-29 14:25:19,172000,Silver
633,SAN CE,71460626,186,384196,2020-12-31 16:56:44,544000,Silver
634,SANDEE CH,107654810,252,427201,2020-12-31 18:06:54,1370000,Gold
635,SATANG BANK,2504669,50,50093,2020-12-30 17:15:03,582000,Silver
638,SFTV,69504,32,2172,2020-08-04 22:16:56,733000,Silver
639,SPOOKY TV,59471413,56,1061989,2020-12-27 14:52:49,831000,Silver
640,SPSaypan,708744,20,35437,2020-11-09 19:24:55,135000,Silver
641,SUNFESOVERLOAD,69238424,283,244658,2020-12-30 17:15:43,1690000,Gold
643,SVIT_TV,1077744,63,17107,2020-10-06 15:36:36,162000,Silver
644,Saira Mirror,3486289,30,116209,2020-12-28 18:41:20,426000,Silver
645,Salaider Esport,4777191,12,398099,2020-12-27 12:35:49,292000,Silver
648,Sauce Channel,10939349,60,182322,2020-12-25 16:00:24,109000,Silver
649,Sean Buranahiran - ฌอน บูรณะหิรัญ,32077468,115,278934,2020-06-23 20:00:11,1500000,Gold
650,Seedling FIFA,3631756,166,21878,2020-12-31 19:47:49,427000,Silver
651,Sek Food&DIY Sek Food&DIY,1328803,178,7465,2020-12-30 18:30:03,144000,Silver
659,Sir.Mikey,3331691,257,12963,2020-12-31 08:30:04,736000,Silver
661,SkizzTV,192054256,255,753153,2020-12-31 22:09:05,5470000,Gold
663,Skylaxy Channel,133862707,251,533317,2020-12-29 18:15:00,1500000,Gold
664,Slapper,43081673,297,145056,2020-12-31 17:15:01,1270000,Gold
665,Smitz,1625806,76,21392,2020-12-28 18:07:21,252000,Silver
667,Sneak Out หนีเที่ยว,5026593,78,64443,2020-12-30 19:00:11,179000,Silver
668,SoftpomzChannel,45734005,97,471484,2020-12-29 19:42:01,3240000,Gold
671,SorDor Style,89578822,150,597192,2020-12-29 20:00:03,4140000,Gold
673,Soundtiss ST,7253904,73,99368,2020-12-24 19:41:56,764000,Silver
674,SpecPhoneTV,7268852,187,38870,2020-12-27 20:56:29,457000,Silver
675,SpokeDark TV,10223755,49,208648,2020-12-19 10:29:09,1200000,Gold
676,Sprite Salaider,48002427,10,4800242,2020-07-05 15:22:40,3070000,Gold
677,SpriteDer SPD,83079039,24,3461626,2020-12-30 18:40:43,4460000,Gold
678,StardewToon,34829219,212,164288,2020-12-30 16:00:34,493000,Silver
679,Starvingtime เรื่องกินเรื่องใหญ่,8964693,147,60984,2020-12-29 18:30:04,364000,Silver
680,Steep Family,60779,41,1482,2020-12-31 15:26:05,733000,Silver
681,StepGeekTV Online,48312785,443,109058,2020-12-30 18:42:21,1230000,Gold
682,SteveKunG,4685731,71,65996,2020-12-20 16:37:39,300000,Silver
683,Storybomb,6576472,30,219215,2020-12-29 19:45:12,138000,Silver
684,SuN12,8099682,187,43313,2020-12-30 00:41:08,390000,Silver
691,SuperGirl Channel,451901,98,4611,2020-11-26 21:14:42,228000,Silver
695,TAE,91680478,185,495570,2020-12-31 08:00:09,6710000,Gold
696,TAEJK,4040441,290,13932,2020-12-31 20:42:11,699000,Silver
697,TAMMER,14194895,184,77146,2020-12-31 20:27:15,1370000,Gold
698,TANX,5648958,108,52305,2020-12-24 12:00:05,141000,Silver
702,THE 20,771917,25,30876,2020-08-04 19:15:00,288000,Silver
703,THE AUN GAME,26170713,395,66254,2020-12-31 23:22:35,633000,Silver
704,THE BACKGROUND - ความเป็นมา-,5299093,75,70654,2020-12-22 21:23:37,107000,Silver
705,THE MONEY COACH,3719961,167,22275,2020-12-08 21:45:11,270000,Silver
706,THECLIPbyHeadlightmag,3005793,28,107349,2020-11-12 12:11:19,180000,Silver
708,THISKK,170291,7,24327,2020-04-01 13:42:46,261000,Silver
710,TONKLA,88059819,355,248055,2020-12-31 13:15:00,1470000,Gold
711,TOR Torpedo,588143138,350,1680408,2020-12-31 09:00:01,2350000,Gold
712,TRUCK ONLY CHANNEL,8219484,200,41097,2020-12-30 16:57:39,153000,Silver
715,TaiGn Channel,2177810,113,19272,2020-12-31 15:00:13,475000,Silver
717,TalkAmerican by MsLingLingOfficial,121691,32,3802,2020-12-16 09:00:03,320000,Silver
720,TeamGarryMovieThai,14268662,265,53844,2020-12-30 17:00:08,1960000,Gold
722,TechOffside,13291934,534,24891,2020-12-31 19:00:23,243000,Silver
728,ThaiAcoustic,9180,1,9180,2020-05-03 16:11:15,675000,Silver
731,ThaiRacing Official,5049351,108,46753,2020-12-28 13:00:02,195000,Silver
732,ThaiTopFitness,1316087,59,22306,2020-12-24 19:30:08,207000,Silver
735,Thaiware.com,303624,51,5953,2020-12-25 22:00:04,127000,Silver
737,Thanks For Watching,324762823,725,447948,2020-12-31 23:58:18,2510000,Gold
740,The Money Game,5126,19,269,2020-06-14 23:29:34,176000,Silver
741,The Moof,29685510,517,57418,2020-12-31 20:30:03,770000,Silver
743,The Snack,30744966,53,580093,2020-12-31 18:09:31,3470000,Gold
746,The snack,86131177,75,1148415,2020-08-30 12:00:02,3360000,Gold
749,TheycallmeMeaow,16737177,202,82857,2020-12-31 12:00:05,915000,Silver
751,ThxCom,1934264,49,39474,2020-12-22 19:08:54,120000,Silver
752,TiNathan Channel,4057606,373,10878,2020-12-31 16:25:00,604000,Silver
753,TidReview ชีวิตติดรีวิว,9514590,1011,9411,2020-12-31 10:00:19,371000,Silver
755,TooM Style,2489073,142,17528,2020-12-31 17:00:01,145000,Silver
758,Trinity Big Master,30762,21,1464,2020-12-08 08:00:01,130000,Silver
762,UDiEX2,242274908,198,1223610,2020-12-19 16:14:58,8280000,Gold
763,ULN Channel,2324033,14,166002,2020-12-14 00:07:12,103000,Silver
764,Uke-Uke,15975668,397,40240,2020-12-31 09:00:02,897000,Silver
768,VIPS Station,17550849,138,127180,2020-12-30 20:28:07,970000,Silver
769,VRZOchannel,111309133,213,522578,2020-12-30 16:00:34,6600000,Gold
771,VVFwave Kung,45228288,390,115969,2020-12-30 12:00:11,2200000,Gold
772,VictoryCast,12833365,286,44871,2020-12-30 19:17:46,861000,Silver
774,WEARTOWORKSTYLE,2547561,66,38599,2020-12-24 20:34:36,176000,Silver
776,WIRI,370415,17,21789,2020-11-21 15:16:41,1260000,Gold
779,WakeUp Ruj,35207137,228,154417,2020-12-31 08:45:01,704000,Silver
783,Wavezy,5070015,60,84500,2020-12-29 18:05:41,164000,Silver
788,Wonderpeach,4225081,117,36111,2020-12-24 19:01:56,487000,Silver
789,Wongnai,11936277,337,35419,2020-12-30 19:00:16,669000,Silver
790,WopLastNighTV,159980,501,319,2020-12-31 18:00:06,156000,Silver
793,XO Autosport,17447914,304,57394,2020-12-31 19:00:13,774000,Silver
794,Xcrosz,32344819,267,121141,2020-12-31 15:05:20,3350000,Gold
795,XyCloneZ,72626204,318,228384,2020-12-31 14:42:08,1110000,Gold
796,YAMUYAMI,4368266,67,65198,2020-12-27 18:00:17,205000,Silver
798,YIM CH,9674396,119,81297,2020-12-31 20:09:42,454000,Silver
799,Ya Taliban,12720492,94,135324,2020-12-31 17:13:54,1320000,Gold
800,Yae uunws,2230137,61,36559,2020-12-22 13:00:05,703000,Silver
801,Yamatum O,38287681,109,351263,2020-12-26 11:29:57,2050000,Gold
802,YimYam TV,610467974,349,1749191,2020-12-14 17:30:01,5130000,Gold
805,Yoyoyo Channel,27141603,235,115496,2020-12-31 09:00:07,464000,Silver
806,YuRiUkuri,1806644,32,56457,2020-12-23 20:33:42,261000,Silver
808,ZJB,1359493,56,24276,2020-12-21 18:00:03,140000,Silver
809,Zellfie,20035203,82,244331,2020-12-31 17:00:04,653000,Silver
810,Zeroz Kingner,5437563,101,53837,2020-12-31 10:00:04,569000,Silver
811,ZuckerRider WheelieTH,16719242,144,116105,2020-12-31 17:15:01,1100000,Gold
812,ZuvapitSnap,8498274,31,274137,2020-12-26 15:41:20,436000,Silver
813,[tackle4826] - Tackle Minecraft,53174715,207,256882,2020-12-31 23:00:58,2490000,Gold
817,amadjpetjah อาม่าดีเจเพชรจ้า,9668736,52,185937,2020-12-27 12:00:02,293000,Silver
819,autolifethailand official,38144763,148,257734,2020-12-13 22:02:47,460000,Silver
822,beartai,22709484,479,47410,2020-12-31 07:00:02,737000,Silver
826,cCraftedStudio,6143618,34,180694,2020-12-19 22:59:14,1120000,Gold
831,chino to share,2522406,50,50448,2020-12-29 18:42:30,113000,Silver
833,classmetic,514585,10,51458,2020-12-30 19:13:21,110000,Silver
835,dailycherie,4681431,54,86693,2020-11-27 14:15:02,225000,Silver
837,djpetjah channel,41538845,67,619982,2020-12-26 11:00:06,1430000,Gold
839,driveautoblog,9526163,118,80730,2020-12-31 15:02:08,299000,Silver
840,droidsans,37230913,404,92155,2020-12-29 21:45:04,580000,Silver
843,echo,9858724,278,35463,2020-12-30 14:00:01,174000,Silver
845,essAyseeK TV,649069,116,5595,2020-12-31 12:37:59,512000,Silver
847,feonalita,374068,29,12898,2020-12-15 16:43:24,129000,Silver
851,iLoveToGoDotCOM,1962689,170,11545,2020-12-31 09:00:06,351000,Silver
852,iMoD Official,16248485,329,49387,2020-12-31 10:35:32,249000,Silver
853,iNat94,65527,4,16381,2020-03-18 09:00:02,142000,Silver
854,iNewch,9219585,256,36014,2020-12-24 17:00:11,162000,Silver
858,iT24Hrs,1911970,127,15054,2020-12-26 14:28:16,219000,Silver
859,iamSometimes,37610130,87,432300,2020-12-30 17:54:25,280000,Silver
860,iaumreview,8929442,227,39336,2020-12-30 18:40:13,348000,Silver
861,icepadie,16199360,183,88521,2020-12-30 17:09:29,784000,Silver
868,khwankhong,1775698,87,20410,2020-12-31 21:47:09,130000,Silver
870,lifestylehattaya70,2321702,72,32245,2020-12-30 19:49:36,358000,Silver
871,lily nawiya,1649998,57,28947,2020-12-28 19:49:00,176000,Silver
874,mhunoiii,967091,31,31196,2020-11-24 18:35:28,210000,Silver
876,mintchyy,7332404,66,111097,2020-12-26 13:49:28,1050000,Gold
877,missPimpaka,109476,35,3127,2020-12-28 17:19:44,113000,Silver
878,motocross action magazine,7753256,144,53842,2020-12-29 02:06:42,179000,Silver
881,ndmikkiholic,2763371,52,53141,2020-12-04 20:00:03,426000,Silver
883,noyneung makeup,5950827,146,40759,2020-12-30 18:51:11,166000,Silver
884,nutties11311,7838192,88,89070,2020-12-30 20:08:24,1340000,Gold
887,ohana clip,177515452,138,1286343,2020-12-30 17:00:31,4140000,Gold
890,oporcony,15400622,255,60394,2020-12-31 15:00:04,734000,Silver
891,papayatop.com,3019390,176,17155,2020-12-30 01:04:25,112000,Silver
895,ple nakorn CHANNEL,66662070,125,533296,2020-12-25 18:00:15,2810000,Gold
897,prasertcbs,333493,205,1626,2020-12-30 21:35:02,103000,Silver
900,rindere chan,6482882,124,52281,2020-12-16 15:55:08,1190000,Gold
903,sixpackclub.net,8990786,164,54821,2020-12-30 13:19:00,187000,Silver
904,softpomz,44195320,107,413040,2020-12-26 19:00:03,2920000,Gold
906,spin9,35126395,270,130097,2020-12-30 19:00:12,432000,Silver
907,sudsapda tv,5468800,121,45196,2020-12-27 11:00:00,272000,Silver
908,tAehiRocK,1575817,37,42589,2020-12-17 18:36:45,940000,Silver
910,tigercrychannel,152985095,228,670987,2020-12-30 17:00:31,1960000,Gold
916,vvalentines,1801199,80,22514,2020-12-21 20:58:17,147000,Silver
918,webdekd,8655905,314,27566,2020-12-26 17:00:09,262000,Silver
922,zbing z.,719777715,370,1945345,2020-12-31 07:00:00,12500000,Diamond
923,zommarie,73189807,160,457436,2020-12-31 10:30:02,2740000,Gold
924,กันณ์ เรสซิ่ง,30756594,366,84034,2020-12-30 19:14:25,401000,Silver
925,กับข้าวกับตา,23762286,56,424326,2020-07-24 17:00:18,508000,Silver
926,กับข้าวกับปลาโอ PlaoCooking,99335943,253,392632,2020-12-31 07:13:35,1970000,Gold
927,กาย หงิด,226853954,214,1060065,2020-12-31 16:45:00,3680000,Gold
929,กิต งายย,158411025,258,613996,2020-12-31 12:47:45,3440000,Gold
931,กินอยู่ดีโดยหมอนัด,3295772,108,30516,2020-12-31 21:50:45,140000,Silver
932,กินเที่ยวทัวร์ให้อ้วนตาย Eat Fat Dead,85740,35,2449,2020-10-03 20:29:26,314000,Silver
935,กินให้อ้วนตาย,90337,19,4754,2020-01-20 19:00:15,281000,Silver
936,กินให้อ้วนตาย Eat Fat Dead,7801385,689,11322,2020-10-29 17:58:05,328000,Silver
937,กินได้อร่อยด้วย,42849104,168,255054,2020-12-28 10:00:05,1510000,Gold
938,กินไปไทยหรั่ง,54627086,97,563165,2020-12-18 16:57:55,1470000,Gold
940,ขับซ่า Channel,1687714,104,16228,2020-12-30 18:00:11,110000,Silver
941,ข้าวจ้าว หมากวนตีน,91124076,445,204773,2020-12-31 18:32:01,388000,Silver
942,คนใฝ่รู้ [Studios],3055659,92,33213,2020-12-30 08:58:02,209000,Silver
944,ครัวชั้นสูง - High Zone Kitchen,7573022,121,62586,2020-12-29 18:00:06,244000,Silver
946,ครัวบ้านทุ่งกับลุงเด่น พากินพาเที่ยว,33669962,391,86112,2020-12-31 07:44:10,695000,Silver
947,ครัวบ้านๆ Channel,464818,94,4944,2020-12-31 10:35:32,137000,Silver
949,ครัวป้ามารายห์,2176378,117,18601,2020-12-30 16:30:08,303000,Silver
950,ครัวพิศพิไล,2242387,54,41525,2020-12-26 12:00:15,1750000,Gold
951,ครัวมนุษย์ป้า by คุณป้า ปอมปอม,678494,260,2609,2020-12-31 16:00:10,141000,Silver
952,ครัววิชณีย์,280309,18,15572,2020-12-29 16:17:13,764000,Silver
953,ครัวแล้วแต่เอ๋จ้าา (Official),209132,86,2431,2020-12-19 20:00:10,115000,Silver
954,ครูนกเล็ก,188184782,417,451282,2020-12-31 18:30:03,8760000,Gold
955,ครูอ้อย เข็มทิศชีวิต,518609,90,5762,2020-08-22 23:29:54,111000,Silver
957,คิดเรื่องอยู่ ThinkofLiving,5462800,180,30348,2020-12-31 22:48:28,178000,Silver
962,คุยการเงินกับที,4604856,136,33859,2020-12-22 08:00:19,168000,Silver
963,ฅ-คนรักรถ,1445062,74,19527,2020-12-28 18:48:43,124000,Silver
964,จดอ - JUSTดูIT.,37570496,162,231916,2020-12-28 17:36:58,1510000,Gold
966,จอห์นไรเดอร์ - Johnrider,15614064,179,87229,2020-12-30 19:30:41,666000,Silver
967,ชะโงกทัวร์ออนไลน์,4855855,362,13413,2020-12-29 19:49:53,217000,Silver
968,ชาญชัย Charnchai,2703681,146,18518,2020-11-17 22:28:30,338000,Silver
969,ชาญชัย กินให้อ้วนรวย,7729366,314,24615,2020-12-14 16:16:31,361000,Silver
971,ชุดนอน ขอรบกวนทั้งชุดนอน,501249,97,5167,2020-12-14 14:48:27,161000,Silver
977,ตุ้ยนุ้ยตะลุยแดก,4647475,32,145233,2020-12-07 19:22:50,112000,Silver
980,ตู้ซ่อนหมี,24089006,165,145993,2020-12-29 20:00:09,155000,Silver
983,ท่องเที่ยวสะดุดตา sadoodta,1342981,173,7762,2020-12-30 21:01:43,317000,Silver
984,ทํากินเอง [Official Account],1188834,150,7925,2020-12-30 20:01:29,135000,Silver
985,ทําเอง กินเอง Byแม่Milko_o,25651826,136,188616,2020-12-30 11:45:00,603000,Silver
987,นวล,4110770,36,114188,2020-12-28 18:29:06,148000,Silver
988,นางพญาปลวก by miss rain,3090542,96,32193,2020-12-27 13:17:46,452000,Silver
989,นางแมวป่า,12814047,108,118648,2020-12-28 20:00:05,219000,Silver
994,บ้านอาชีพกู๋เล็ก,3144320,108,29114,2020-12-29 19:47:14,532000,Silver
995,บ้านเราสตอรี่,8902733,188,47354,2020-12-29 06:00:02,454000,Silver
998,ป้าหนึ่ง ตึ่งโป๊ะ,35140921,195,180209,2020-12-14 19:50:35,877000,Silver
1004,พี่แว่น,3654780,145,25205,2020-12-21 16:57:22,164000,Silver
1008,มะขวิด & มะเหมี่ยว Official,1145429,132,8677,2020-12-29 16:21:29,168000,Silver
1011,ยายชมภู กินแหลกแดกแต่ของใหญ่ๆ,652589,151,4321,2020-10-03 21:26:52,657000,Silver
1012,รถซิ่งไทยแลนด์ (RodzingThailand),32911604,143,230151,2020-12-29 18:00:31,740000,Silver
1022,สตาเด๋อตูน,2044953,14,146068,2020-08-06 16:06:23,451000,Silver
1023,สะใภ้เกาหลี by korean,204352441,194,1053363,2020-12-29 18:04:08,1470000,Gold
1027,หนูนาสวีเดน แฟนเฟจ,1562911,44,35520,2020-02-24 15:33:20,519000,Silver
1028,หนูนาสวีเดน แฟนเฟจ Noona Sweden,12231980,302,40503,2020-12-14 15:19:18,563000,Silver
1032,หมอหมี เม้าท์มอย,5507052,124,44411,2020-12-31 07:07:06,117000,Silver
1037,หม่อมถนัดแดก,171400403,130,1318464,2020-12-31 11:00:59,3780000,Gold
1039,หาเงินออนไลน์ กับเทรดเดอร์แทน,30821,8,3852,2020-12-04 20:24:42,181000,Silver
1042,อร่อยนัวร์ [Aroy N],18904755,201,94053,2020-12-31 12:41:35,173000,Silver
1043,อร่อยพุง,6332420,101,62697,2020-12-25 11:27:13,1150000,Gold
1044,อันดับ 10,15816411,209,75676,2020-12-30 17:22:21,830000,Silver
1045,อาตี๋ รีวิว,19689530,427,46111,2020-12-31 20:26:23,180000,Silver
1047,อาสาพาไปหลง - asapapailong,10917575,75,145567,2020-12-18 20:00:09,478000,Silver
1049,อ้วนจูนเนอร์ รับติดตั้งกล่องดันรางยกหัวฉีด,14559963,196,74285,2020-12-31 19:58:02,241000,Silver
1054,เข้าครัวกับคุณโหน่ง,12972547,210,61774,2020-08-31 14:30:03,855000,Silver
1055,เข้าครัวทํากิน Enter the kitchen,5918014,107,55308,2020-12-31 16:13:25,221000,Silver
1056,เฉลิมศรี,51081207,99,515971,2020-12-31 20:00:10,1030000,Gold
1057,เชฟขวัญ EngiChef,12164069,343,35463,2020-12-31 18:00:01,658000,Silver
1058,เดวิลเมจิ,497375,9,55263,2020-10-22 17:06:53,1760000,Gold
1059,เถื่อนChannel,9430590,54,174640,2020-12-24 19:15:03,309000,Silver
1060,เทพลีลา,44217875,144,307068,2020-12-28 18:45:00,659000,Silver
1067,เที่ยวอยู่ได้,58281,3,19427,2020-12-26 12:49:17,379000,Silver
1068,เที่ยวอยู่ได้ x โต๊ะแชร์,6953773,107,64988,2020-08-09 18:03:10,378000,Silver
1069,เบ๊น อาปาเช่,902650,26,34717,2020-11-28 19:14:16,305000,Silver
1071,เมียฝรั่งชนบท ต๊ะ 555,14361369,1272,11290,2020-12-31 20:19:23,239000,Silver
1072,เรียนเหอะ อยากสอน,418401,20,20920,2020-06-16 11:45:00,178000,Silver
1077,แดงปลาสวรรค์,525014,86,6104,2020-12-28 01:20:40,112000,Silver
1080,แม่ซี น้องมดดี้ Channel,18575724,163,113961,2020-12-30 20:31:36,548000,Silver
1084,โคตรคูล,140527564,267,526320,2020-12-30 17:00:04,1550000,Gold
1087,โบโบ กวนจีน 波波真幸福,1698836,53,32053,2020-12-17 19:00:06,217000,Silver
1090,โหน่งโชว์,3540211,140,25287,2020-12-31 18:00:11,880000,Silver
1091,โอ หงิด,25589335,65,393682,2020-12-28 17:13:44,1170000,Gold
